GEOID,CITY,STATE_ABBR,CBSA_CODE,CBSA_TITLE,S2201_C04_001E,S2201_C04_001M,REL_MOE_PCT,NAME
0203000,Anchorage,AK,11260,"Anchorage, AK",8.7,1.8,20.689655172413797,"Anchorage municipality, Alaska"
0103076,Auburn,AL,12220,"Auburn-Opelika, AL",3.1,1.7,54.83870967741935,"Auburn city, Alabama"
0107000,Birmingham,AL,13820,"Birmingham, AL",19.2,2.2,11.458333333333334,"Birmingham city, Alabama"
0121184,Dothan,AL,20020,"Dothan, AL",17.0,2.5,14.705882352941178,"Dothan city, Alabama"
0137000,Huntsville,AL,26620,"Huntsville, AL",8.5,2.2,25.882352941176475,"Huntsville city, Alabama"
0150000,Mobile,AL,33660,"Mobile, AL",17.8,2.7,15.168539325842698,"Mobile city, Alabama"
0151000,Montgomery,AL,33860,"Montgomery, AL",19.1,3.0,15.706806282722512,"Montgomery city, Alabama"
0177256,Tuscaloosa,AL,46220,"Tuscaloosa, AL",10.3,3.9,37.864077669902905,"Tuscaloosa city, Alabama"
0515190,Conway,AR,30780,"Little Rock-North Little Rock-Conway, AR",8.7,3.5,40.229885057471265,"Conway city, Arkansas"
0523290,Fayetteville,AR,22220,"Fayetteville-Springdale-Rogers, AR",3.9,2.3,58.97435897435898,"Fayetteville city, Arkansas"
0524550,Fort Smith,AR,22900,"Fort Smith, AR-OK",11.7,3.3,28.205128205128204,"Fort Smith city, Arkansas"
0535710,Jonesboro,AR,27860,"Jonesboro, AR",12.9,3.7,28.68217054263566,"Jonesboro city, Arkansas"
0541000,Little Rock,AR,30780,"Little Rock-North Little Rock-Conway, AR",5.8,1.8,31.03448275862069,"Little Rock city, Arkansas"
0560410,Rogers,AR,22220,"Fayetteville-Springdale-Rogers, AR",3.0,1.6,53.333333333333336,"Rogers city, Arkansas"
0566080,Springdale,AR,22220,"Fayetteville-Springdale-Rogers, AR",5.8,2.4,41.37931034482759,"Springdale city, Arkansas"
0410530,Casa Grande,AZ,38060,"Phoenix-Mesa-Chandler, AZ",14.1,4.7,33.333333333333336,"Casa Grande city, Arizona"
0412000,Chandler,AZ,38060,"Phoenix-Mesa-Chandler, AZ",6.4,1.8,28.125,"Chandler city, Arizona"
0423620,Flagstaff,AZ,22380,"Flagstaff, AZ",5.1,2.4,47.05882352941176,"Flagstaff city, Arizona"
0427400,Gilbert,AZ,38060,"Phoenix-Mesa-Chandler, AZ",3.0,1.0,33.33333333333333,"Gilbert town, Arizona"
0446000,Mesa,AZ,38060,"Phoenix-Mesa-Chandler, AZ",7.3,1.0,13.698630136986301,"Mesa city, Arizona"
0455000,Phoenix,AZ,38060,"Phoenix-Mesa-Chandler, AZ",11.7,0.7,5.982905982905983,"Phoenix city, Arizona"
0465000,Scottsdale,AZ,38060,"Phoenix-Mesa-Chandler, AZ",2.9,1.0,34.48275862068966,"Scottsdale city, Arizona"
0473000,Tempe,AZ,38060,"Phoenix-Mesa-Chandler, AZ",5.6,1.9,33.92857142857143,"Tempe city, Arizona"
0477000,Tucson,AZ,46060,"Tucson, AZ",15.1,1.6,10.596026490066226,"Tucson city, Arizona"
0485540,Yuma,AZ,49740,"Yuma, AZ",18.5,4.7,25.405405405405407,"Yuma city, Arizona"
0602000,Anaheim,CA,31080,"Los Angeles-Long Beach-Anaheim, CA",14.5,2.3,15.86206896551724,"Anaheim city, California"
0603526,Bakersfield,CA,12540,"Bakersfield-Delano, CA",18.1,1.9,10.497237569060772,"Bakersfield city, California"
0606000,Berkeley,CA,41860,"San Francisco-Oakland-Fremont, CA",11.5,2.6,22.608695652173914,"Berkeley city, California"
0608954,Burbank,CA,31080,"Los Angeles-Long Beach-Anaheim, CA",15.7,3.6,22.929936305732486,"Burbank city, California"
0610046,Camarillo,CA,37100,"Oxnard-Thousand Oaks-Ventura, CA",5.1,2.6,50.980392156862756,"Camarillo city, California"
0611194,Carlsbad,CA,41740,"San Diego-Chula Vista-Carlsbad, CA",3.9,1.6,41.02564102564103,"Carlsbad city, California"
0611530,Carson,CA,31080,"Los Angeles-Long Beach-Anaheim, CA",14.1,3.3,23.404255319148938,"Carson city, California"
0613014,Chico,CA,17020,"Chico, CA",14.9,2.7,18.120805369127517,"Chico city, California"
0613210,Chino,CA,40140,"Riverside-San Bernardino-Ontario, CA",13.5,4.1,30.37037037037037,"Chino city, California"
0613392,Chula Vista,CA,41740,"San Diego-Chula Vista-Carlsbad, CA",13.3,2.0,15.037593984962406,"Chula Vista city, California"
0616350,Corona,CA,40140,"Riverside-San Bernardino-Ontario, CA",10.0,2.5,25.0,"Corona city, California"
0616532,Costa Mesa,CA,31080,"Los Angeles-Long Beach-Anaheim, CA",9.3,3.3,35.48387096774193,"Costa Mesa city, California"
0624638,Folsom,CA,40900,"Sacramento-Roseville-Folsom, CA",5.1,2.5,49.01960784313726,"Folsom city, California"
0626000,Fremont,CA,41860,"San Francisco-Oakland-Fremont, CA",5.7,1.3,22.807017543859647,"Fremont city, California"
0627000,Fresno,CA,23420,"Fresno, CA",27.9,2.3,8.24372759856631,"Fresno city, California"
0630000,Glendale,CA,31080,"Los Angeles-Long Beach-Anaheim, CA",21.7,3.6,16.589861751152075,"Glendale city, California"
0636770,Irvine,CA,31080,"Los Angeles-Long Beach-Anaheim, CA",5.6,1.7,30.35714285714286,"Irvine city, California"
0641992,Livermore,CA,41860,"San Francisco-Oakland-Fremont, CA",8.3,3.1,37.34939759036144,"Livermore city, California"
0642202,Lodi,CA,44700,"Stockton-Lodi, CA",12.0,4.2,35.0,"Lodi city, California"
0643000,Long Beach,CA,31080,"Los Angeles-Long Beach-Anaheim, CA",14.9,1.7,11.40939597315436,"Long Beach city, California"
0644000,Los Angeles,CA,31080,"Los Angeles-Long Beach-Anaheim, CA",17.0,0.6,3.5294117647058822,"Los Angeles city, California"
0646898,Merced,CA,32900,"Merced, CA",32.9,5.4,16.41337386018237,"Merced city, California"
0647766,Milpitas,CA,41940,"San Jose-Sunnyvale-Santa Clara, CA",9.6,3.5,36.458333333333336,"Milpitas city, California"
0648354,Modesto,CA,33700,"Modesto, CA",18.7,2.8,14.973262032085561,"Modesto city, California"
0649670,Mountain View,CA,41940,"San Jose-Sunnyvale-Santa Clara, CA",4.8,1.8,37.5,"Mountain View city, California"
0650258,Napa,CA,34900,"Napa, CA",6.4,3.3,51.562499999999986,"Napa city, California"
0651182,Newport Beach,CA,31080,"Los Angeles-Long Beach-Anaheim, CA",4.2,2.2,52.38095238095239,"Newport Beach city, California"
0653000,Oakland,CA,41860,"San Francisco-Oakland-Fremont, CA",15.3,1.8,11.76470588235294,"Oakland city, California"
0653896,Ontario,CA,40140,"Riverside-San Bernardino-Ontario, CA",12.3,2.8,22.76422764227642,"Ontario city, California"
0653980,Orange,CA,31080,"Los Angeles-Long Beach-Anaheim, CA",9.9,2.7,27.272727272727277,"Orange city, California"
0654652,Oxnard,CA,37100,"Oxnard-Thousand Oaks-Ventura, CA",17.0,2.8,16.470588235294116,"Oxnard city, California"
0655282,Palo Alto,CA,41940,"San Jose-Sunnyvale-Santa Clara, CA",2.4,2.1,87.50000000000001,"Palo Alto city, California"
0656000,Pasadena,CA,31080,"Los Angeles-Long Beach-Anaheim, CA",10.8,2.2,20.370370370370374,"Pasadena city, California"
0657792,Pleasanton,CA,41860,"San Francisco-Oakland-Fremont, CA",4.3,2.5,58.139534883720934,"Pleasanton city, California"
0659444,Rancho Cordova,CA,40900,"Sacramento-Roseville-Folsom, CA",18.4,4.1,22.282608695652172,"Rancho Cordova city, California"
0659920,Redding,CA,39820,"Redding, CA",14.9,3.5,23.48993288590604,"Redding city, California"
0659962,Redlands,CA,40140,"Riverside-San Bernardino-Ontario, CA",11.9,4.3,36.134453781512605,"Redlands city, California"
0660102,Redwood City,CA,41860,"San Francisco-Oakland-Fremont, CA",5.9,2.7,45.76271186440678,"Redwood City city, California"
0662000,Riverside,CA,40140,"Riverside-San Bernardino-Ontario, CA",12.2,2.0,16.393442622950822,"Riverside city, California"
0662938,Roseville,CA,40900,"Sacramento-Roseville-Folsom, CA",8.9,2.1,23.595505617977526,"Roseville city, California"
0664000,Sacramento,CA,40900,"Sacramento-Roseville-Folsom, CA",14.4,1.4,9.722222222222221,"Sacramento city, California"
0664224,Salinas,CA,41500,"Salinas, CA",13.5,3.4,25.185185185185183,"Salinas city, California"
0665000,San Bernardino,CA,40140,"Riverside-San Bernardino-Ontario, CA",24.5,2.9,11.83673469387755,"San Bernardino city, California"
0665042,San Buenaventura (Ventura),CA,37100,"Oxnard-Thousand Oaks-Ventura, CA",11.3,3.2,28.31858407079646,"San Buenaventura (Ventura) city, California"
0666000,San Diego,CA,41740,"San Diego-Chula Vista-Carlsbad, CA",10.8,0.8,7.4074074074074066,"San Diego city, California"
0667000,San Francisco,CA,41860,"San Francisco-Oakland-Fremont, CA",12.5,1.1,8.8,"San Francisco city, California"
0668000,San Jose,CA,41940,"San Jose-Sunnyvale-Santa Clara, CA",10.6,1.0,9.433962264150944,"San Jose city, California"
0668252,San Mateo,CA,41860,"San Francisco-Oakland-Fremont, CA",5.9,2.0,33.89830508474576,"San Mateo city, California"
0668378,San Ramon,CA,41860,"San Francisco-Oakland-Fremont, CA",2.7,1.3,48.148148148148145,"San Ramon city, California"
0669000,Santa Ana,CA,31080,"Los Angeles-Long Beach-Anaheim, CA",15.5,2.3,14.838709677419354,"Santa Ana city, California"
0669070,Santa Barbara,CA,42200,"Santa Maria-Santa Barbara, CA",11.8,4.4,37.28813559322034,"Santa Barbara city, California"
0669084,Santa Clara,CA,41940,"San Jose-Sunnyvale-Santa Clara, CA",4.1,1.6,39.024390243902445,"Santa Clara city, California"
0669196,Santa Maria,CA,42200,"Santa Maria-Santa Barbara, CA",21.4,4.0,18.691588785046733,"Santa Maria city, California"
0670000,Santa Monica,CA,31080,"Los Angeles-Long Beach-Anaheim, CA",4.5,1.7,37.77777777777778,"Santa Monica city, California"
0670098,Santa Rosa,CA,42220,"Santa Rosa-Petaluma, CA",11.2,2.5,22.321428571428573,"Santa Rosa city, California"
0675000,Stockton,CA,44700,"Stockton-Lodi, CA",23.0,2.8,12.17391304347826,"Stockton city, California"
0677000,Sunnyvale,CA,41940,"San Jose-Sunnyvale-Santa Clara, CA",4.8,1.5,31.25,"Sunnyvale city, California"
0678120,Temecula,CA,40140,"Riverside-San Bernardino-Ontario, CA",6.9,2.4,34.78260869565217,"Temecula city, California"
0678582,Thousand Oaks,CA,37100,"Oxnard-Thousand Oaks-Ventura, CA",4.1,1.5,36.585365853658544,"Thousand Oaks city, California"
0680000,Torrance,CA,31080,"Los Angeles-Long Beach-Anaheim, CA",7.0,1.8,25.71428571428572,"Torrance city, California"
0680854,Tustin,CA,31080,"Los Angeles-Long Beach-Anaheim, CA",11.3,3.2,28.31858407079646,"Tustin city, California"
0681666,Vallejo,CA,46700,"Vallejo, CA",14.4,2.8,19.444444444444443,"Vallejo city, California"
0682954,Visalia,CA,47300,"Visalia, CA",19.4,3.0,15.463917525773196,"Visalia city, California"
0683346,Walnut Creek,CA,41860,"San Francisco-Oakland-Fremont, CA",4.0,2.0,50.0,"Walnut Creek city, California"
0686972,Yuba City,CA,49700,"Yuba City, CA",12.9,4.7,36.434108527131784,"Yuba City city, California"
0804000,Aurora,CO,19740,"Denver-Aurora-Centennial, CO",11.7,2.0,17.094017094017094,"Aurora city, Colorado"
0807850,Boulder,CO,14500,"Boulder, CO",9.3,3.0,32.25806451612903,"Boulder city, Colorado"
0809280,Broomfield,CO,19740,"Denver-Aurora-Centennial, CO",6.8,2.5,36.76470588235294,"Broomfield city, Colorado"
0812815,Centennial,CO,19740,"Denver-Aurora-Centennial, CO",4.1,1.8,43.90243902439025,"Centennial city, Colorado"
0816000,Colorado Springs,CO,17820,"Colorado Springs, CO",11.2,1.3,11.60714285714286,"Colorado Springs city, Colorado"
0816495,Commerce City,CO,19740,"Denver-Aurora-Centennial, CO",5.2,2.9,55.769230769230774,"Commerce City city, Colorado"
0820000,Denver,CO,19740,"Denver-Aurora-Centennial, CO",9.6,1.0,10.416666666666668,"Denver city, Colorado"
0827425,Fort Collins,CO,22660,"Fort Collins-Loveland, CO",8.2,1.6,19.512195121951223,"Fort Collins city, Colorado"
0831660,Grand Junction,CO,24300,"Grand Junction, CO",11.6,3.1,26.724137931034488,"Grand Junction city, Colorado"
0832155,Greeley,CO,24540,"Greeley, CO",13.0,3.7,28.46153846153846,"Greeley city, Colorado"
0846465,Loveland,CO,22660,"Fort Collins-Loveland, CO",11.2,3.3,29.464285714285715,"Loveland city, Colorado"
0862000,Pueblo,CO,39380,"Pueblo, CO",19.3,2.8,14.507772020725387,"Pueblo city, Colorado"
0908000,Bridgeport,CT,14860,"Bridgeport-Stamford-Danbury, CT",22.6,3.5,15.486725663716813,"Bridgeport city, Connecticut"
0918430,Danbury,CT,14860,"Bridgeport-Stamford-Danbury, CT",12.8,3.6,28.125,"Danbury city, Connecticut"
0937000,Hartford,CT,25540,"Hartford-West Hartford-East Hartford, CT",37.0,3.5,9.45945945945946,"Hartford city, Connecticut"
0952000,New Haven,CT,35300,"New Haven, CT",24.5,4.2,17.142857142857142,"New Haven city, Connecticut"
0973000,Stamford,CT,14860,"Bridgeport-Stamford-Danbury, CT",9.6,2.8,29.166666666666668,"Stamford city, Connecticut"
0980000,Waterbury,CT,47930,"Waterbury-Shelton, CT",28.2,5.4,19.148936170212767,"Waterbury city, Connecticut"
1150000,Washington,DC,47900,"Washington-Arlington-Alexandria, DC-VA-MD-WV",15.9,1.6,10.062893081761008,"Washington city, District of Columbia"
1077580,Wilmington,DE,37980,"Philadelphia-Camden-Wilmington, PA-NJ-DE-MD",22.0,4.7,21.363636363636367,"Wilmington city, Delaware"
1207300,Boca Raton,FL,33100,"Miami-Fort Lauderdale-West Palm Beach, FL",1.1,0.6,54.54545454545454,"Boca Raton city, Florida"
1210275,Cape Coral,FL,15980,"Cape Coral-Fort Myers, FL",7.4,1.8,24.324324324324323,"Cape Coral city, Florida"
1212875,Clearwater,FL,45300,"Tampa-St. Petersburg-Clearwater, FL",9.5,2.5,26.31578947368421,"Clearwater city, Florida"
1216525,Daytona Beach,FL,19660,"Deltona-Daytona Beach-Ormond Beach, FL",20.9,4.5,21.5311004784689,"Daytona Beach city, Florida"
1216725,Deerfield Beach,FL,33100,"Miami-Fort Lauderdale-West Palm Beach, FL",7.8,3.1,39.743589743589745,"Deerfield Beach city, Florida"
1217100,Delray Beach,FL,33100,"Miami-Fort Lauderdale-West Palm Beach, FL",8.2,3.2,39.024390243902445,"Delray Beach city, Florida"
1217200,Deltona,FL,19660,"Deltona-Daytona Beach-Ormond Beach, FL",15.2,4.0,26.31578947368421,"Deltona city, Florida"
1217935,Doral,FL,33100,"Miami-Fort Lauderdale-West Palm Beach, FL",4.5,2.4,53.333333333333336,"Doral city, Florida"
1224000,Fort Lauderdale,FL,33100,"Miami-Fort Lauderdale-West Palm Beach, FL",16.2,2.5,15.432098765432102,"Fort Lauderdale city, Florida"
1224125,Fort Myers,FL,15980,"Cape Coral-Fort Myers, FL",9.3,3.0,32.25806451612903,"Fort Myers city, Florida"
1225175,Gainesville,FL,23540,"Gainesville, FL",9.7,3.1,31.958762886597942,"Gainesville city, Florida"
1235000,Jacksonville,FL,27260,"Jacksonville, FL",13.1,1.3,9.923664122137406,"Jacksonville city, Florida"
1236950,Kissimmee,FL,36740,"Orlando-Kissimmee-Sanford, FL",20.7,6.2,29.951690821256037,"Kissimmee city, Florida"
1238250,Lakeland,FL,29460,"Lakeland-Winter Haven, FL",15.8,3.7,23.417721518987342,"Lakeland city, Florida"
1239425,Largo,FL,45300,"Tampa-St. Petersburg-Clearwater, FL",10.5,3.8,36.19047619047619,"Largo city, Florida"
1243975,Melbourne,FL,37340,"Palm Bay-Melbourne-Titusville, FL",11.2,2.8,25.0,"Melbourne city, Florida"
1245000,Miami,FL,33100,"Miami-Fort Lauderdale-West Palm Beach, FL",23.7,1.8,7.59493670886076,"Miami city, Florida"
1245025,Miami Beach,FL,33100,"Miami-Fort Lauderdale-West Palm Beach, FL",13.3,3.8,28.57142857142857,"Miami Beach city, Florida"
1249675,North Port,FL,35840,"North Port-Bradenton-Sarasota, FL",4.3,1.9,44.18604651162791,"North Port city, Florida"
1250750,Ocala,FL,36100,"Ocala, FL",14.4,4.3,29.86111111111111,"Ocala city, Florida"
1253000,Orlando,FL,36740,"Orlando-Kissimmee-Sanford, FL",12.6,2.0,15.873015873015872,"Orlando city, Florida"
1254000,Palm Bay,FL,37340,"Palm Bay-Melbourne-Titusville, FL",11.1,2.7,24.324324324324326,"Palm Bay city, Florida"
1258050,Pompano Beach,FL,33100,"Miami-Fort Lauderdale-West Palm Beach, FL",10.1,3.1,30.693069306930692,"Pompano Beach city, Florida"
1258715,Port St. Lucie,FL,38940,"Port St. Lucie, FL",9.8,2.4,24.489795918367342,"Port St. Lucie city, Florida"
1263650,Sanford,FL,36740,"Orlando-Kissimmee-Sanford, FL",14.1,4.6,32.6241134751773,"Sanford city, Florida"
1263000,St. Petersburg,FL,45300,"Tampa-St. Petersburg-Clearwater, FL",8.5,1.3,15.294117647058824,"St. Petersburg city, Florida"
1269700,Sunrise,FL,33100,"Miami-Fort Lauderdale-West Palm Beach, FL",9.8,3.7,37.755102040816325,"Sunrise city, Florida"
1270600,Tallahassee,FL,45220,"Tallahassee, FL",13.9,2.0,14.388489208633093,"Tallahassee city, Florida"
1271000,Tampa,FL,45300,"Tampa-St. Petersburg-Clearwater, FL",13.4,1.6,11.940298507462686,"Tampa city, Florida"
1271625,The Villages,FL,48680,"Wildwood-The Villages, FL",4.6,3.7,80.43478260869567,"The Villages CDP, Florida"
1276600,West Palm Beach,FL,33100,"Miami-Fort Lauderdale-West Palm Beach, FL",10.6,2.7,25.471698113207548,"West Palm Beach city, Florida"
1301052,Albany,GA,10500,"Albany, GA",31.5,4.8,15.238095238095237,"Albany city, Georgia"
1301696,Alpharetta,GA,12060,"Atlanta-Sandy Springs-Roswell, GA",1.8,1.7,94.44444444444444,"Alpharetta city, Georgia"
1303440,Athens-Clarke County unified government (balance),GA,12020,"Athens-Clarke County, GA",10.5,2.9,27.61904761904762,"Athens-Clarke County unified government (balance), Georgia"
1304000,Atlanta,GA,12060,"Atlanta-Sandy Springs-Roswell, GA",11.1,1.2,10.81081081081081,"Atlanta city, Georgia"
1304204,Augusta-Richmond County consolidated government (balance),GA,12260,"Augusta-Richmond County, GA-SC",18.5,2.7,14.594594594594595,"Augusta-Richmond County consolidated government (balance), Georgia"
1319000,Columbus,GA,17980,"Columbus, GA-AL",14.8,2.0,13.513513513513512,"Columbus city, Georgia"
1349008,Macon-Bibb County,GA,31420,"Macon-Bibb County, GA",19.6,3.5,17.857142857142854,"Macon-Bibb County, Georgia"
1367284,Roswell,GA,12060,"Atlanta-Sandy Springs-Roswell, GA",3.0,1.7,56.666666666666664,"Roswell city, Georgia"
1368516,Sandy Springs,GA,12060,"Atlanta-Sandy Springs-Roswell, GA",3.9,2.1,53.846153846153854,"Sandy Springs city, Georgia"
1369000,Savannah,GA,42340,"Savannah, GA",16.6,2.9,17.469879518072286,"Savannah city, Georgia"
1380508,Warner Robins,GA,47580,"Warner Robins, GA",13.7,3.3,24.087591240875913,"Warner Robins city, Georgia"
1571550,Urban Honolulu,HI,46520,"Urban Honolulu, HI",9.3,1.2,12.903225806451612,"Urban Honolulu CDP, Hawaii"
1901855,Ames,IA,11180,"Ames, IA",4.2,2.1,50.0,"Ames city, Iowa"
1912000,Cedar Rapids,IA,16300,"Cedar Rapids, IA",7.4,2.1,28.37837837837838,"Cedar Rapids city, Iowa"
1919000,Davenport,IA,19340,"Davenport-Moline-Rock Island, IA-IL",13.3,3.2,24.06015037593985,"Davenport city, Iowa"
1921000,Des Moines,IA,19780,"Des Moines-West Des Moines, IA",14.8,2.1,14.18918918918919,"Des Moines city, Iowa"
1938595,Iowa City,IA,26980,"Iowa City, IA",5.6,2.6,46.42857142857144,"Iowa City city, Iowa"
1973335,Sioux City,IA,43580,"Sioux City, IA-NE-SD",13.2,3.3,25.0,"Sioux City city, Iowa"
1982425,Waterloo,IA,47940,"Waterloo-Cedar Falls, IA",13.4,3.2,23.88059701492537,"Waterloo city, Iowa"
1983910,West Des Moines,IA,19780,"Des Moines-West Des Moines, IA",6.6,2.8,42.42424242424242,"West Des Moines city, Iowa"
1608830,Boise City,ID,14260,"Boise City, ID",7.7,1.3,16.883116883116884,"Boise City city, Idaho"
1639700,Idaho Falls,ID,26820,"Idaho Falls, ID",7.9,2.7,34.177215189873415,"Idaho Falls city, Idaho"
1706613,Bloomington,IL,14010,"Bloomington, IL",14.1,3.4,24.113475177304963,"Bloomington city, Illinois"
1707133,Bolingbrook,IL,16980,"Chicago-Naperville-Elgin, IL-IN",12.7,3.7,29.13385826771654,"Bolingbrook village, Illinois"
1712385,Champaign,IL,16580,"Champaign-Urbana, IL",8.4,3.3,39.28571428571428,"Champaign city, Illinois"
1714000,Chicago,IL,16980,"Chicago-Naperville-Elgin, IL-IN",17.5,0.8,4.571428571428571,"Chicago city, Illinois"
1718823,Decatur,IL,19500,"Decatur, IL",28.4,4.7,16.549295774647888,"Decatur city, Illinois"
1723074,Elgin,IL,16980,"Chicago-Naperville-Elgin, IL-IN",11.0,3.1,28.18181818181818,"Elgin city, Illinois"
1724582,Evanston,IL,16980,"Chicago-Naperville-Elgin, IL-IN",5.1,2.5,49.01960784313726,"Evanston city, Illinois"
1751622,Naperville,IL,16980,"Chicago-Naperville-Elgin, IL-IN",3.8,1.5,39.473684210526315,"Naperville city, Illinois"
1759000,Peoria,IL,37900,"Peoria, IL",20.0,3.4,17.0,"Peoria city, Illinois"
1765000,Rockford,IL,40420,"Rockford, IL",27.0,3.1,11.481481481481481,"Rockford city, Illinois"
1768003,Schaumburg,IL,16980,"Chicago-Naperville-Elgin, IL-IN",7.2,2.8,38.888888888888886,"Schaumburg village, Illinois"
1770122,Skokie,IL,16980,"Chicago-Naperville-Elgin, IL-IN",12.0,4.7,39.166666666666664,"Skokie village, Illinois"
1772000,Springfield,IL,44100,"Springfield, IL",20.0,3.6,18.0,"Springfield city, Illinois"
1805860,Bloomington,IN,14020,"Bloomington, IN",7.9,2.8,35.44303797468354,"Bloomington city, Indiana"
1810342,Carmel,IN,26900,"Indianapolis-Carmel-Greenwood, IN",2.0,0.9,45.0,"Carmel city, Indiana"
1822000,Evansville,IN,21780,"Evansville, IN",14.9,2.7,18.120805369127517,"Evansville city, Indiana"
1825000,Fort Wayne,IN,23060,"Fort Wayne, IN",11.2,1.9,16.964285714285715,"Fort Wayne city, Indiana"
1829898,Greenwood,IN,26900,"Indianapolis-Carmel-Greenwood, IN",11.2,3.9,34.82142857142858,"Greenwood city, Indiana"
1836003,Indianapolis city (balance),IN,26900,"Indianapolis-Carmel-Greenwood, IN",11.4,1.5,13.157894736842104,"Indianapolis city (balance), Indiana"
1840788,Lafayette,IN,29200,"Lafayette-West Lafayette, IN",12.6,3.9,30.952380952380953,"Lafayette city, Indiana"
1851876,Muncie,IN,34620,"Muncie, IN",19.0,4.3,22.631578947368418,"Muncie city, Indiana"
1871000,South Bend,IN,43780,"South Bend-Mishawaka, IN-MI",14.9,3.0,20.13422818791946,"South Bend city, Indiana"
2036000,Kansas City,KS,28140,"Kansas City, MO-KS",8.6,2.3,26.744186046511626,"Kansas City city, Kansas"
2038900,Lawrence,KS,29940,"Lawrence, KS",5.9,2.4,40.67796610169491,"Lawrence city, Kansas"
2053775,Overland Park,KS,28140,"Kansas City, MO-KS",2.9,1.3,44.827586206896555,"Overland Park city, Kansas"
2071000,Topeka,KS,45820,"Topeka, KS",10.9,2.6,23.853211009174313,"Topeka city, Kansas"
2079000,Wichita,KS,48620,"Wichita, KS",8.2,1.2,14.634146341463417,"Wichita city, Kansas"
2108902,Bowling Green,KY,14540,"Bowling Green, KY",16.3,4.5,27.60736196319018,"Bowling Green city, Kentucky"
2146027,Lexington-Fayette,KY,30460,"Lexington-Fayette, KY",7.4,1.5,20.27027027027027,"Lexington-Fayette urban county, Kentucky"
2148006,Louisville/Jefferson County metro government (balance),KY,31140,"Louisville/Jefferson County, KY-IN",12.9,1.2,9.30232558139535,"Louisville/Jefferson County metro government (balance), Kentucky"
2205000,Baton Rouge,LA,12940,"Baton Rouge, LA",19.9,3.1,15.577889447236181,"Baton Rouge city, Louisiana"
2240735,Lafayette,LA,29180,"Lafayette, LA",11.8,2.4,20.338983050847457,"Lafayette city, Louisiana"
2241155,Lake Charles,LA,29340,"Lake Charles, LA",24.3,4.8,19.753086419753085,"Lake Charles city, Louisiana"
2250115,Metairie,LA,35380,"New Orleans-Metairie, LA",9.8,3.3,33.6734693877551,"Metairie CDP, Louisiana"
2255000,New Orleans,LA,35380,"New Orleans-Metairie, LA",15.1,1.9,12.582781456953644,"New Orleans city, Louisiana"
2270000,Shreveport,LA,43340,"Shreveport-Bossier City, LA",20.3,3.1,15.270935960591133,"Shreveport city, Louisiana"
2507000,Boston,MA,14460,"Boston-Cambridge-Newton, MA-NH",20.8,1.3,6.25,"Boston city, Massachusetts"
2511000,Cambridge,MA,14460,"Boston-Cambridge-Newton, MA-NH",9.5,2.6,27.368421052631582,"Cambridge city, Massachusetts"
2524960,Framingham,MA,14460,"Boston-Cambridge-Newton, MA-NH",14.6,4.3,29.45205479452055,"Framingham city, Massachusetts"
2545560,Newton,MA,14460,"Boston-Cambridge-Newton, MA-NH",3.5,1.7,48.57142857142857,"Newton city, Massachusetts"
2567000,Springfield,MA,44140,"Springfield, MA",42.6,4.1,9.624413145539904,"Springfield city, Massachusetts"
2572600,Waltham,MA,14460,"Boston-Cambridge-Newton, MA-NH",3.5,2.1,60.0,"Waltham city, Massachusetts"
2582000,Worcester,MA,49340,"Worcester, MA",29.7,3.4,11.447811447811448,"Worcester city, Massachusetts"
2404000,Baltimore,MD,12580,"Baltimore-Columbia-Towson, MD",20.6,1.6,7.766990291262135,"Baltimore city, Maryland"
2419125,Columbia,MD,12580,"Baltimore-Columbia-Towson, MD",7.0,2.4,34.285714285714285,"Columbia CDP, Maryland"
2430325,Frederick,MD,47900,"Washington-Arlington-Alexandria, DC-VA-MD-WV",12.6,2.8,22.22222222222222,"Frederick city, Maryland"
2431175,Gaithersburg,MD,47900,"Washington-Arlington-Alexandria, DC-VA-MD-WV",12.7,4.2,33.07086614173229,"Gaithersburg city, Maryland"
2467675,Rockville,MD,47900,"Washington-Arlington-Alexandria, DC-VA-MD-WV",6.8,3.5,51.47058823529412,"Rockville city, Maryland"
2360545,Portland,ME,38860,"Portland-South Portland, ME",9.2,3.4,36.95652173913044,"Portland city, Maine"
2603000,Ann Arbor,MI,11460,"Ann Arbor, MI",5.9,1.7,28.813559322033893,"Ann Arbor city, Michigan"
2621000,Dearborn,MI,19820,"Detroit-Warren-Dearborn, MI",23.6,3.6,15.254237288135592,"Dearborn city, Michigan"
2622000,Detroit,MI,19820,"Detroit-Warren-Dearborn, MI",36.6,1.8,4.918032786885246,"Detroit city, Michigan"
2627440,Farmington Hills,MI,19820,"Detroit-Warren-Dearborn, MI",9.3,2.8,30.107526881720425,"Farmington Hills city, Michigan"
2629000,Flint,MI,22420,"Flint, MI",34.5,4.4,12.753623188405799,"Flint city, Michigan"
2634000,Grand Rapids,MI,24340,"Grand Rapids-Wyoming-Kentwood, MI",14.3,2.2,15.384615384615385,"Grand Rapids city, Michigan"
2642160,Kalamazoo,MI,28020,"Kalamazoo-Portage, MI",20.3,4.1,20.197044334975367,"Kalamazoo city, Michigan"
2646000,Lansing,MI,29620,"Lansing-East Lansing, MI",19.6,3.8,19.387755102040813,"Lansing city, Michigan"
2649000,Livonia,MI,19820,"Detroit-Warren-Dearborn, MI",3.9,1.2,30.76923076923077,"Livonia city, Michigan"
2659440,Novi,MI,19820,"Detroit-Warren-Dearborn, MI",5.2,3.0,57.692307692307686,"Novi city, Michigan"
2674900,Southfield,MI,19820,"Detroit-Warren-Dearborn, MI",9.9,2.9,29.292929292929294,"Southfield city, Michigan"
2680700,Troy,MI,19820,"Detroit-Warren-Dearborn, MI",5.4,2.1,38.88888888888889,"Troy city, Michigan"
2684000,Warren,MI,19820,"Detroit-Warren-Dearborn, MI",26.3,3.7,14.068441064638785,"Warren city, Michigan"
2688940,Wyoming,MI,24340,"Grand Rapids-Wyoming-Kentwood, MI",8.7,3.4,39.08045977011494,"Wyoming city, Michigan"
2706616,Bloomington,MN,33460,"Minneapolis-St. Paul-Bloomington, MN-WI",6.8,2.7,39.70588235294118,"Bloomington city, Minnesota"
2717000,Duluth,MN,20260,"Duluth, MN-WI",12.4,2.9,23.387096774193548,"Duluth city, Minnesota"
2717288,Eagan,MN,33460,"Minneapolis-St. Paul-Bloomington, MN-WI",3.3,1.6,48.48484848484849,"Eagan city, Minnesota"
2743000,Minneapolis,MN,33460,"Minneapolis-St. Paul-Bloomington, MN-WI",12.5,1.6,12.8,"Minneapolis city, Minnesota"
2751730,Plymouth,MN,33460,"Minneapolis-St. Paul-Bloomington, MN-WI",2.9,1.3,44.827586206896555,"Plymouth city, Minnesota"
2754880,Rochester,MN,40340,"Rochester, MN",6.0,2.3,38.33333333333333,"Rochester city, Minnesota"
2756896,St. Cloud,MN,41060,"St. Cloud, MN",18.8,5.1,27.127659574468083,"St. Cloud city, Minnesota"
2758000,St. Paul,MN,33460,"Minneapolis-St. Paul-Bloomington, MN-WI",16.3,2.1,12.883435582822086,"St. Paul city, Minnesota"
2915670,Columbia,MO,17860,"Columbia, MO",5.7,1.7,29.82456140350877,"Columbia city, Missouri"
2938000,Kansas City,MO,28140,"Kansas City, MO-KS",9.9,1.2,12.12121212121212,"Kansas City city, Missouri"
2970000,Springfield,MO,44180,"Springfield, MO",11.3,1.8,15.929203539823009,"Springfield city, Missouri"
2964082,St. Charles,MO,41180,"St. Louis, MO-IL",7.2,3.8,52.77777777777778,"St. Charles city, Missouri"
2964550,St. Joseph,MO,41140,"St. Joseph, MO-KS",13.0,3.0,23.076923076923077,"St. Joseph city, Missouri"
2965000,St. Louis,MO,41180,"St. Louis, MO-IL",17.9,2.0,11.173184357541901,"St. Louis city, Missouri"
2829700,Gulfport,MS,25060,"Gulfport-Biloxi, MS",17.5,3.6,20.57142857142857,"Gulfport city, Mississippi"
2836000,Jackson,MS,27140,"Jackson, MS",18.0,2.8,15.555555555555555,"Jackson city, Mississippi"
3006550,Billings,MT,13740,"Billings, MT",8.2,2.4,29.268292682926834,"Billings city, Montana"
3050200,Missoula,MT,33540,"Missoula, MT",5.9,2.2,37.28813559322034,"Missoula city, Montana"
3702140,Asheville,NC,11700,"Asheville, NC",7.9,2.2,27.848101265822784,"Asheville city, North Carolina"
3710740,Cary,NC,39580,"Raleigh-Cary, NC",3.3,1.4,42.42424242424242,"Cary town, North Carolina"
3712000,Charlotte,NC,16740,"Charlotte-Concord-Gastonia, NC-SC",9.7,1.0,10.309278350515465,"Charlotte city, North Carolina"
3714100,Concord,NC,16740,"Charlotte-Concord-Gastonia, NC-SC",11.7,3.9,33.333333333333336,"Concord city, North Carolina"
3719000,Durham,NC,20500,"Durham-Chapel Hill, NC",10.3,1.8,17.475728155339805,"Durham city, North Carolina"
3722920,Fayetteville,NC,22180,"Fayetteville, NC",17.7,1.7,9.6045197740113,"Fayetteville city, North Carolina"
3725580,Gastonia,NC,16740,"Charlotte-Concord-Gastonia, NC-SC",12.8,3.7,28.90625,"Gastonia city, North Carolina"
3728000,Greensboro,NC,24660,"Greensboro-High Point, NC",19.3,2.5,12.953367875647666,"Greensboro city, North Carolina"
3728080,Greenville,NC,24780,"Greenville, NC",16.8,3.8,22.619047619047617,"Greenville city, North Carolina"
3731400,High Point,NC,24660,"Greensboro-High Point, NC",19.1,4.0,20.942408376963346,"High Point city, North Carolina"
3734200,Jacksonville,NC,27340,"Jacksonville, NC",18.5,5.8,31.351351351351354,"Jacksonville city, North Carolina"
3755000,Raleigh,NC,39580,"Raleigh-Cary, NC",6.7,1.2,17.91044776119403,"Raleigh city, North Carolina"
3774440,Wilmington,NC,48900,"Wilmington, NC",9.8,2.4,24.489795918367342,"Wilmington city, North Carolina"
3775000,Winston-Salem,NC,49180,"Winston-Salem, NC",16.5,2.7,16.363636363636363,"Winston-Salem city, North Carolina"
3807200,Bismarck,ND,13900,"Bismarck, ND",5.1,2.7,52.941176470588246,"Bismarck city, North Dakota"
3825700,Fargo,ND,22020,"Fargo, ND-MN",5.8,1.9,32.758620689655174,"Fargo city, North Dakota"
3128000,Lincoln,NE,30700,"Lincoln, NE",8.3,1.6,19.277108433734938,"Lincoln city, Nebraska"
3137000,Omaha,NE,36540,"Omaha, NE-IA",10.4,1.2,11.538461538461538,"Omaha city, Nebraska"
3345140,Manchester,NH,31700,"Manchester-Nashua, NH",12.3,3.1,25.203252032520325,"Manchester city, New Hampshire"
3350260,Nashua,NH,31700,"Manchester-Nashua, NH",12.5,3.8,30.4,"Nashua city, New Hampshire"
3410000,Camden,NJ,37980,"Philadelphia-Camden-Wilmington, PA-NJ-DE-MD",46.5,5.9,12.688172043010754,"Camden city, New Jersey"
3436000,Jersey City,NJ,35620,"New York-Newark-Jersey City, NY-NJ",15.2,1.9,12.5,"Jersey City city, New Jersey"
3438580,Lakewood,NJ,35620,"New York-Newark-Jersey City, NY-NJ",20.3,5.4,26.60098522167488,"Lakewood CDP, New Jersey"
3451000,Newark,NJ,35620,"New York-Newark-Jersey City, NY-NJ",28.1,3.1,11.03202846975089,"Newark city, New Jersey"
3474000,Trenton,NJ,45940,"Trenton-Princeton, NJ",22.7,6.3,27.75330396475771,"Trenton city, New Jersey"
3502000,Albuquerque,NM,10740,"Albuquerque, NM",16.5,1.5,9.090909090909092,"Albuquerque city, New Mexico"
3539380,Las Cruces,NM,29740,"Las Cruces, NM",24.1,4.0,16.59751037344398,"Las Cruces city, New Mexico"
3570500,Santa Fe,NM,42140,"Santa Fe, NM",10.6,2.1,19.81132075471698,"Santa Fe city, New Mexico"
3231900,Henderson,NV,29820,"Las Vegas-Henderson-North Las Vegas, NV",7.1,1.5,21.126760563380284,"Henderson city, Nevada"
3240000,Las Vegas,NV,29820,"Las Vegas-Henderson-North Las Vegas, NV",15.4,1.3,8.441558441558442,"Las Vegas city, Nevada"
3251800,North Las Vegas,NV,29820,"Las Vegas-Henderson-North Las Vegas, NV",13.3,2.2,16.541353383458645,"North Las Vegas city, Nevada"
3254600,Paradise,NV,29820,"Las Vegas-Henderson-North Las Vegas, NV",19.3,3.0,15.544041450777202,"Paradise CDP, Nevada"
3260600,Reno,NV,39900,"Reno, NV",8.0,1.3,16.25,"Reno city, Nevada"
3601000,Albany,NY,10580,"Albany-Schenectady-Troy, NY",12.7,3.2,25.196850393700792,"Albany city, New York"
3611000,Buffalo,NY,15380,"Buffalo-Cheektowaga, NY",25.3,2.6,10.276679841897234,"Buffalo city, New York"
3615000,Cheektowaga,NY,15380,"Buffalo-Cheektowaga, NY",14.6,3.4,23.28767123287671,"Cheektowaga CDP, New York"
3651000,New York,NY,35620,"New York-Newark-Jersey City, NY-NJ",22.4,0.5,2.232142857142857,"New York city, New York"
3663000,Rochester,NY,40380,"Rochester, NY",29.9,2.6,8.695652173913045,"Rochester city, New York"
3665508,Schenectady,NY,10580,"Albany-Schenectady-Troy, NY",25.6,5.3,20.703124999999996,"Schenectady city, New York"
3673000,Syracuse,NY,45060,"Syracuse, NY",27.5,3.1,11.272727272727273,"Syracuse city, New York"
3901000,Akron,OH,10420,"Akron, OH",25.1,3.2,12.749003984063744,"Akron city, Ohio"
3912000,Canton,OH,15940,"Canton-Massillon, OH",30.2,5.2,17.218543046357617,"Canton city, Ohio"
3915000,Cincinnati,OH,17140,"Cincinnati, OH-KY-IN",15.6,2.0,12.820512820512823,"Cincinnati city, Ohio"
3916000,Cleveland,OH,17410,"Cleveland, OH",24.5,1.9,7.755102040816326,"Cleveland city, Ohio"
3918000,Columbus,OH,18140,"Columbus, OH",11.4,0.9,7.894736842105263,"Columbus city, Ohio"
3921000,Dayton,OH,19430,"Dayton-Kettering-Beavercreek, OH",22.2,3.3,14.864864864864865,"Dayton city, Ohio"
3977000,Toledo,OH,45780,"Toledo, OH",21.9,2.4,10.958904109589042,"Toledo city, Ohio"
4041850,Lawton,OK,30020,"Lawton, OK",20.2,2.7,13.366336633663368,"Lawton city, Oklahoma"
4055000,Oklahoma City,OK,36420,"Oklahoma City, OK",14.2,1.3,9.15492957746479,"Oklahoma City city, Oklahoma"
4075000,Tulsa,OK,46140,"Tulsa, OK",15.2,1.1,7.236842105263158,"Tulsa city, Oklahoma"
4105350,Beaverton,OR,38900,"Portland-Vancouver-Hillsboro, OR-WA",9.5,2.7,28.421052631578945,"Beaverton city, Oregon"
4105800,Bend,OR,13460,"Bend, OR",7.6,2.4,31.57894736842105,"Bend city, Oregon"
4123850,Eugene,OR,21660,"Eugene-Springfield, OR",21.2,3.0,14.150943396226415,"Eugene city, Oregon"
4134100,Hillsboro,OR,38900,"Portland-Vancouver-Hillsboro, OR-WA",12.3,3.4,27.642276422764223,"Hillsboro city, Oregon"
4147000,Medford,OR,32780,"Medford, OR",22.8,3.7,16.228070175438596,"Medford city, Oregon"
4159000,Portland,OR,38900,"Portland-Vancouver-Hillsboro, OR-WA",16.7,1.2,7.18562874251497,"Portland city, Oregon"
4164900,Salem,OR,41420,"Salem, OR",20.9,3.6,17.22488038277512,"Salem city, Oregon"
4202000,Allentown,PA,10900,"Allentown-Bethlehem-Easton, PA-NJ",35.1,4.5,12.82051282051282,"Allentown city, Pennsylvania"
4206088,Bethlehem,PA,10900,"Allentown-Bethlehem-Easton, PA-NJ",17.9,4.3,24.022346368715084,"Bethlehem city, Pennsylvania"
4224000,Erie,PA,21500,"Erie, PA",31.4,4.0,12.738853503184714,"Erie city, Pennsylvania"
4260000,Philadelphia,PA,37980,"Philadelphia-Camden-Wilmington, PA-NJ-DE-MD",25.8,1.5,5.813953488372093,"Philadelphia city, Pennsylvania"
4261000,Pittsburgh,PA,38300,"Pittsburgh, PA",17.7,1.9,10.734463276836157,"Pittsburgh city, Pennsylvania"
4263624,Reading,PA,39740,"Reading, PA",35.7,4.1,11.484593837535012,"Reading city, Pennsylvania"
4269000,Scranton,PA,42540,"Scranton--Wilkes-Barre, PA",24.7,3.9,15.789473684210526,"Scranton city, Pennsylvania"
7206593,Bayamón,PR,41980,"San Juan-Bayamón-Caguas, PR",34.1,3.1,9.090909090909092,"Bayamón zona urbana, Puerto Rico"
7210334,Caguas,PR,41980,"San Juan-Bayamón-Caguas, PR",42.7,5.3,12.412177985948476,"Caguas zona urbana, Puerto Rico"
7232522,Guaynabo,PR,41980,"San Juan-Bayamón-Caguas, PR",18.3,3.1,16.939890710382514,"Guaynabo zona urbana, Puerto Rico"
7263820,Ponce,PR,38660,"Ponce, PR",52.0,4.1,7.884615384615384,"Ponce zona urbana, Puerto Rico"
4459000,Providence,RI,39300,"Providence-Warwick, RI-MA",27.5,3.6,13.090909090909092,"Providence city, Rhode Island"
4474300,Warwick,RI,39300,"Providence-Warwick, RI-MA",9.8,3.0,30.61224489795918,"Warwick city, Rhode Island"
4513330,Charleston,SC,16700,"Charleston-North Charleston, SC",7.1,2.5,35.21126760563381,"Charleston city, South Carolina"
4516000,Columbia,SC,17900,"Columbia, SC",11.5,2.7,23.47826086956522,"Columbia city, South Carolina"
4530850,Greenville,SC,24860,"Greenville-Anderson-Greer, SC",8.0,3.5,43.75,"Greenville city, South Carolina"
4550875,North Charleston,SC,16700,"Charleston-North Charleston, SC",12.4,3.9,31.451612903225808,"North Charleston city, South Carolina"
4561405,Rock Hill,SC,16740,"Charlotte-Concord-Gastonia, NC-SC",9.9,3.5,35.35353535353536,"Rock Hill city, South Carolina"
4652980,Rapid City,SD,39660,"Rapid City, SD",5.7,2.1,36.84210526315789,"Rapid City city, South Dakota"
4659020,Sioux Falls,SD,43620,"Sioux Falls, SD-MN",7.2,1.5,20.833333333333332,"Sioux Falls city, South Dakota"
4714000,Chattanooga,TN,16860,"Chattanooga, TN-GA",12.7,2.5,19.68503937007874,"Chattanooga city, Tennessee"
4715160,Clarksville,TN,17300,"Clarksville, TN-KY",6.5,2.3,35.38461538461538,"Clarksville city, Tennessee"
4727740,Franklin,TN,34980,"Nashville-Davidson--Murfreesboro--Franklin, TN",1.8,1.2,66.66666666666666,"Franklin city, Tennessee"
4737640,Jackson,TN,27180,"Jackson, TN",17.6,4.0,22.727272727272727,"Jackson city, Tennessee"
4738320,Johnson City,TN,27740,"Johnson City, TN",7.5,2.6,34.66666666666667,"Johnson City city, Tennessee"
4740000,Knoxville,TN,28940,"Knoxville, TN",13.1,2.0,15.267175572519085,"Knoxville city, Tennessee"
4748000,Memphis,TN,32820,"Memphis, TN-MS-AR",16.7,1.7,10.179640718562874,"Memphis city, Tennessee"
4751560,Murfreesboro,TN,34980,"Nashville-Davidson--Murfreesboro--Franklin, TN",7.1,2.8,39.436619718309856,"Murfreesboro city, Tennessee"
4752006,Nashville-Davidson metropolitan government (balance),TN,34980,"Nashville-Davidson--Murfreesboro--Franklin, TN",6.2,1.2,19.35483870967742,"Nashville-Davidson metropolitan government (balance), Tennessee"
4801000,Abilene,TX,10180,"Abilene, TX",10.7,2.5,23.364485981308412,"Abilene city, Texas"
4803000,Amarillo,TX,11100,"Amarillo, TX",13.2,2.4,18.181818181818183,"Amarillo city, Texas"
4804000,Arlington,TX,19100,"Dallas-Fort Worth-Arlington, TX",10.8,1.8,16.666666666666664,"Arlington city, Texas"
4805000,Austin,TX,12420,"Austin-Round Rock-San Marcos, TX",4.9,0.7,14.285714285714285,"Austin city, Texas"
4806128,Baytown,TX,26420,"Houston-Pasadena-The Woodlands, TX",20.9,4.6,22.00956937799043,"Baytown city, Texas"
4807000,Beaumont,TX,13140,"Beaumont-Port Arthur, TX",22.9,4.2,18.340611353711793,"Beaumont city, Texas"
4810768,Brownsville,TX,15180,"Brownsville-Harlingen, TX",24.5,3.6,14.69387755102041,"Brownsville city, Texas"
4810912,Bryan,TX,17780,"College Station-Bryan, TX",12.2,3.1,25.40983606557377,"Bryan city, Texas"
4815976,College Station,TX,17780,"College Station-Bryan, TX",3.9,1.9,48.717948717948715,"College Station city, Texas"
4816432,Conroe,TX,26420,"Houston-Pasadena-The Woodlands, TX",5.9,2.1,35.59322033898305,"Conroe city, Texas"
4817000,Corpus Christi,TX,18580,"Corpus Christi, TX",17.0,2.0,11.76470588235294,"Corpus Christi city, Texas"
4819000,Dallas,TX,19100,"Dallas-Fort Worth-Arlington, TX",10.7,1.0,9.345794392523366,"Dallas city, Texas"
4819972,Denton,TX,19100,"Dallas-Fort Worth-Arlington, TX",5.4,1.9,35.18518518518518,"Denton city, Texas"
4822660,Edinburg,TX,32580,"McAllen-Edinburg-Mission, TX",21.0,4.7,22.380952380952383,"Edinburg city, Texas"
4824000,El Paso,TX,21340,"El Paso, TX",17.0,1.6,9.411764705882353,"El Paso city, Texas"
4827000,Fort Worth,TX,19100,"Dallas-Fort Worth-Arlington, TX",9.8,1.1,11.224489795918368,"Fort Worth city, Texas"
4829336,Georgetown,TX,12420,"Austin-Round Rock-San Marcos, TX",5.5,2.9,52.72727272727272,"Georgetown city, Texas"
4832372,Harlingen,TX,15180,"Brownsville-Harlingen, TX",21.1,4.3,20.379146919431275,"Harlingen city, Texas"
4835000,Houston,TX,26420,"Houston-Pasadena-The Woodlands, TX",14.0,0.9,6.42857142857143,"Houston city, Texas"
4837000,Irving,TX,19100,"Dallas-Fort Worth-Arlington, TX",5.6,1.6,28.571428571428577,"Irving city, Texas"
4839148,Killeen,TX,28660,"Killeen-Temple, TX",17.6,3.2,18.181818181818183,"Killeen city, Texas"
4841464,Laredo,TX,29700,"Laredo, TX",18.8,2.8,14.893617021276595,"Laredo city, Texas"
4843888,Longview,TX,30980,"Longview, TX",16.1,4.2,26.08695652173913,"Longview city, Texas"
4845000,Lubbock,TX,31180,"Lubbock, TX",8.1,1.5,18.51851851851852,"Lubbock city, Texas"
4845384,McAllen,TX,32580,"McAllen-Edinburg-Mission, TX",19.0,2.9,15.263157894736842,"McAllen city, Texas"
4848072,Midland,TX,33260,"Midland, TX",6.6,2.4,36.36363636363637,"Midland city, Texas"
4848768,Mission,TX,32580,"McAllen-Edinburg-Mission, TX",21.5,4.8,22.325581395348838,"Mission city, Texas"
4850820,New Braunfels,TX,41700,"San Antonio-New Braunfels, TX",5.5,2.1,38.18181818181819,"New Braunfels city, Texas"
4853388,Odessa,TX,36220,"Odessa, TX",8.3,3.1,37.34939759036144,"Odessa city, Texas"
4856000,Pasadena,TX,26420,"Houston-Pasadena-The Woodlands, TX",20.0,3.9,19.5,"Pasadena city, Texas"
4857200,Pharr,TX,32580,"McAllen-Edinburg-Mission, TX",24.2,5.4,22.314049586776864,"Pharr city, Texas"
4858016,Plano,TX,19100,"Dallas-Fort Worth-Arlington, TX",2.2,0.9,40.90909090909091,"Plano city, Texas"
4861796,Richardson,TX,19100,"Dallas-Fort Worth-Arlington, TX",2.5,1.3,52.0,"Richardson city, Texas"
4863500,Round Rock,TX,12420,"Austin-Round Rock-San Marcos, TX",3.7,1.6,43.24324324324324,"Round Rock city, Texas"
4864472,San Angelo,TX,41660,"San Angelo, TX",10.8,3.3,30.555555555555554,"San Angelo city, Texas"
4865000,San Antonio,TX,41700,"San Antonio-New Braunfels, TX",14.4,1.0,6.944444444444445,"San Antonio city, Texas"
4865600,San Marcos,TX,12420,"Austin-Round Rock-San Marcos, TX",6.5,2.9,44.61538461538461,"San Marcos city, Texas"
4870808,Sugar Land,TX,26420,"Houston-Pasadena-The Woodlands, TX",1.7,1.4,82.35294117647058,"Sugar Land city, Texas"
4872176,Temple,TX,28660,"Killeen-Temple, TX",9.9,2.2,22.222222222222225,"Temple city, Texas"
4872656,The Woodlands,TX,26420,"Houston-Pasadena-The Woodlands, TX",3.3,2.4,72.72727272727273,"The Woodlands CDP, Texas"
4874144,Tyler,TX,46340,"Tyler, TX",8.8,2.7,30.681818181818183,"Tyler city, Texas"
4875428,Victoria,TX,47020,"Victoria, TX",15.9,4.9,30.817610062893085,"Victoria city, Texas"
4876000,Waco,TX,47380,"Waco, TX",14.2,3.2,22.535211267605636,"Waco city, Texas"
4879000,Wichita Falls,TX,48660,"Wichita Falls, TX",12.3,2.6,21.13821138211382,"Wichita Falls city, Texas"
4944320,Lehi,UT,39340,"Provo-Orem-Lehi, UT",1.1,0.5,45.45454545454545,"Lehi city, Utah"
4955980,Ogden,UT,36260,"Ogden, UT",8.3,2.3,27.710843373493972,"Ogden city, Utah"
4957300,Orem,UT,39340,"Provo-Orem-Lehi, UT",6.7,2.4,35.82089552238806,"Orem city, Utah"
4962470,Provo,UT,39340,"Provo-Orem-Lehi, UT",4.7,1.7,36.170212765957444,"Provo city, Utah"
4967000,Salt Lake City,UT,41620,"Salt Lake City-Murray, UT",5.6,1.7,30.35714285714286,"Salt Lake City city, Utah"
4965330,St. George,UT,41100,"St. George, UT",2.5,1.6,64.0,"St. George city, Utah"
5101000,Alexandria,VA,47900,"Washington-Arlington-Alexandria, DC-VA-MD-WV",3.9,1.1,28.20512820512821,"Alexandria city, Virginia"
5103000,Arlington,VA,47900,"Washington-Arlington-Alexandria, DC-VA-MD-WV",4.7,1.0,21.27659574468085,"Arlington CDP, Virginia"
5116000,Chesapeake,VA,47260,"Virginia Beach-Chesapeake-Norfolk, VA-NC",8.3,1.8,21.686746987951803,"Chesapeake city, Virginia"
5147672,Lynchburg,VA,31340,"Lynchburg, VA",13.7,3.9,28.467153284671532,"Lynchburg city, Virginia"
5156000,Newport News,VA,47260,"Virginia Beach-Chesapeake-Norfolk, VA-NC",17.0,2.9,17.058823529411764,"Newport News city, Virginia"
5157000,Norfolk,VA,47260,"Virginia Beach-Chesapeake-Norfolk, VA-NC",19.3,2.6,13.471502590673575,"Norfolk city, Virginia"
5164000,Portsmouth,VA,47260,"Virginia Beach-Chesapeake-Norfolk, VA-NC",16.2,3.0,18.51851851851852,"Portsmouth city, Virginia"
5166672,Reston,VA,47900,"Washington-Arlington-Alexandria, DC-VA-MD-WV",5.1,2.2,43.137254901960794,"Reston CDP, Virginia"
5167000,Richmond,VA,40060,"Richmond, VA",14.5,2.3,15.86206896551724,"Richmond city, Virginia"
5168000,Roanoke,VA,40220,"Roanoke, VA",16.2,4.1,25.308641975308642,"Roanoke city, Virginia"
5182000,Virginia Beach,VA,47260,"Virginia Beach-Chesapeake-Norfolk, VA-NC",6.4,1.3,20.3125,"Virginia Beach city, Virginia"
5303180,Auburn,WA,42660,"Seattle-Tacoma-Bellevue, WA",14.5,4.2,28.965517241379313,"Auburn city, Washington"
5305210,Bellevue,WA,42660,"Seattle-Tacoma-Bellevue, WA",4.3,1.6,37.2093023255814,"Bellevue city, Washington"
5305280,Bellingham,WA,13380,"Bellingham, WA",9.5,2.5,26.31578947368421,"Bellingham city, Washington"
5322640,Everett,WA,42660,"Seattle-Tacoma-Bellevue, WA",11.7,2.3,19.65811965811966,"Everett city, Washington"
5335275,Kennewick,WA,28420,"Kennewick-Richland, WA",18.7,4.1,21.92513368983957,"Kennewick city, Washington"
5335415,Kent,WA,42660,"Seattle-Tacoma-Bellevue, WA",15.5,3.6,23.225806451612904,"Kent city, Washington"
5357535,Redmond,WA,42660,"Seattle-Tacoma-Bellevue, WA",5.9,2.9,49.15254237288135,"Redmond city, Washington"
5357745,Renton,WA,42660,"Seattle-Tacoma-Bellevue, WA",10.4,3.1,29.807692307692307,"Renton city, Washington"
5363000,Seattle,WA,42660,"Seattle-Tacoma-Bellevue, WA",6.5,0.9,13.846153846153847,"Seattle city, Washington"
5367000,Spokane,WA,44060,"Spokane-Spokane Valley, WA",18.3,2.4,13.114754098360654,"Spokane city, Washington"
5367167,Spokane Valley,WA,44060,"Spokane-Spokane Valley, WA",18.8,3.6,19.148936170212767,"Spokane Valley city, Washington"
5370000,Tacoma,WA,42660,"Seattle-Tacoma-Bellevue, WA",19.7,2.9,14.720812182741117,"Tacoma city, Washington"
5374060,Vancouver,WA,38900,"Portland-Vancouver-Hillsboro, OR-WA",12.1,1.8,14.87603305785124,"Vancouver city, Washington"
5380010,Yakima,WA,49420,"Yakima, WA",26.6,4.1,15.413533834586465,"Yakima city, Washington"
5502375,Appleton,WI,11540,"Appleton, WI",8.8,2.6,29.54545454545454,"Appleton city, Wisconsin"
5522300,Eau Claire,WI,20740,"Eau Claire, WI",13.1,3.4,25.954198473282442,"Eau Claire city, Wisconsin"
5531000,Green Bay,WI,24580,"Green Bay, WI",18.3,3.4,18.579234972677593,"Green Bay city, Wisconsin"
5537825,Janesville,WI,27500,"Janesville-Beloit, WI",12.7,4.0,31.496062992125985,"Janesville city, Wisconsin"
5539225,Kenosha,WI,28450,"Kenosha, WI",13.2,3.0,22.72727272727273,"Kenosha city, Wisconsin"
5548000,Madison,WI,31540,"Madison, WI",10.0,1.8,18.0,"Madison city, Wisconsin"
5553000,Milwaukee,WI,33340,"Milwaukee-Waukesha, WI",24.5,1.5,6.122448979591836,"Milwaukee city, Wisconsin"
5560500,Oshkosh,WI,36780,"Oshkosh-Neenah, WI",14.1,3.5,24.822695035460992,"Oshkosh city, Wisconsin"
5566000,Racine,WI,39540,"Racine-Mount Pleasant, WI",26.1,4.2,16.091954022988507,"Racine city, Wisconsin"
5584250,Waukesha,WI,33340,"Milwaukee-Waukesha, WI",9.3,2.6,27.956989247311824,"Waukesha city, Wisconsin"
5613900,Cheyenne,WY,16940,"Cheyenne, WY",4.7,2.6,55.319148936170215,"Cheyenne city, Wyoming"
